{
  "loss": 43236.00390625,
  "mae": 159.36245727539062,
  "val_loss": 43851.42578125,
  "val_mae": 156.90284729003906,
  "epoch": 49,
  "global_step": 1250
}