{
  "loss": 43574.19140625,
  "mae": 160.58876037597656,
  "val_loss": 43781.53125,
  "val_mae": 156.36782836914062,
  "epoch": 48,
  "global_step": 1225
}